--
-- PostgreSQL database dump
--

\restrict FHQsDLkbsheHCEVbtSaI1z4PK4R9UvkX9h4imbgMaw4fKb778j4HHk7jKeBOxrx

-- Dumped from database version 18.3
-- Dumped by pg_dump version 18.3

-- Started on 2026-04-08 19:04:38

SET statement_timeout = 0;
SET lock_timeout = 0;
SET idle_in_transaction_session_timeout = 0;
SET transaction_timeout = 0;
SET client_encoding = 'UTF8';
SET standard_conforming_strings = on;
SELECT pg_catalog.set_config('search_path', '', false);
SET check_function_bodies = false;
SET xmloption = content;
SET client_min_messages = warning;
SET row_security = off;

SET default_tablespace = '';

SET default_table_access_method = heap;

--
-- TOC entry 226 (class 1259 OID 24890)
-- Name: auth_group; Type: TABLE; Schema: public; Owner: postgres
--

CREATE TABLE public.auth_group (
    id integer NOT NULL,
    name character varying(150) NOT NULL
);


ALTER TABLE public.auth_group OWNER TO postgres;

--
-- TOC entry 225 (class 1259 OID 24889)
-- Name: auth_group_id_seq; Type: SEQUENCE; Schema: public; Owner: postgres
--

ALTER TABLE public.auth_group ALTER COLUMN id ADD GENERATED BY DEFAULT AS IDENTITY (
    SEQUENCE NAME public.auth_group_id_seq
    START WITH 1
    INCREMENT BY 1
    NO MINVALUE
    NO MAXVALUE
    CACHE 1
);


--
-- TOC entry 228 (class 1259 OID 24900)
-- Name: auth_group_permissions; Type: TABLE; Schema: public; Owner: postgres
--

CREATE TABLE public.auth_group_permissions (
    id bigint NOT NULL,
    group_id integer NOT NULL,
    permission_id integer NOT NULL
);


ALTER TABLE public.auth_group_permissions OWNER TO postgres;

--
-- TOC entry 227 (class 1259 OID 24899)
-- Name: auth_group_permissions_id_seq; Type: SEQUENCE; Schema: public; Owner: postgres
--

ALTER TABLE public.auth_group_permissions ALTER COLUMN id ADD GENERATED BY DEFAULT AS IDENTITY (
    SEQUENCE NAME public.auth_group_permissions_id_seq
    START WITH 1
    INCREMENT BY 1
    NO MINVALUE
    NO MAXVALUE
    CACHE 1
);


--
-- TOC entry 224 (class 1259 OID 24880)
-- Name: auth_permission; Type: TABLE; Schema: public; Owner: postgres
--

CREATE TABLE public.auth_permission (
    id integer NOT NULL,
    name character varying(255) NOT NULL,
    content_type_id integer NOT NULL,
    codename character varying(100) NOT NULL
);


ALTER TABLE public.auth_permission OWNER TO postgres;

--
-- TOC entry 223 (class 1259 OID 24879)
-- Name: auth_permission_id_seq; Type: SEQUENCE; Schema: public; Owner: postgres
--

ALTER TABLE public.auth_permission ALTER COLUMN id ADD GENERATED BY DEFAULT AS IDENTITY (
    SEQUENCE NAME public.auth_permission_id_seq
    START WITH 1
    INCREMENT BY 1
    NO MINVALUE
    NO MAXVALUE
    CACHE 1
);


--
-- TOC entry 230 (class 1259 OID 24909)
-- Name: auth_user; Type: TABLE; Schema: public; Owner: postgres
--

CREATE TABLE public.auth_user (
    id integer NOT NULL,
    password character varying(128) NOT NULL,
    last_login timestamp with time zone,
    is_superuser boolean NOT NULL,
    username character varying(150) NOT NULL,
    first_name character varying(150) NOT NULL,
    last_name character varying(150) NOT NULL,
    email character varying(254) NOT NULL,
    is_staff boolean NOT NULL,
    is_active boolean NOT NULL,
    date_joined timestamp with time zone NOT NULL
);


ALTER TABLE public.auth_user OWNER TO postgres;

--
-- TOC entry 232 (class 1259 OID 24928)
-- Name: auth_user_groups; Type: TABLE; Schema: public; Owner: postgres
--

CREATE TABLE public.auth_user_groups (
    id bigint NOT NULL,
    user_id integer NOT NULL,
    group_id integer NOT NULL
);


ALTER TABLE public.auth_user_groups OWNER TO postgres;

--
-- TOC entry 231 (class 1259 OID 24927)
-- Name: auth_user_groups_id_seq; Type: SEQUENCE; Schema: public; Owner: postgres
--

ALTER TABLE public.auth_user_groups ALTER COLUMN id ADD GENERATED BY DEFAULT AS IDENTITY (
    SEQUENCE NAME public.auth_user_groups_id_seq
    START WITH 1
    INCREMENT BY 1
    NO MINVALUE
    NO MAXVALUE
    CACHE 1
);


--
-- TOC entry 229 (class 1259 OID 24908)
-- Name: auth_user_id_seq; Type: SEQUENCE; Schema: public; Owner: postgres
--

ALTER TABLE public.auth_user ALTER COLUMN id ADD GENERATED BY DEFAULT AS IDENTITY (
    SEQUENCE NAME public.auth_user_id_seq
    START WITH 1
    INCREMENT BY 1
    NO MINVALUE
    NO MAXVALUE
    CACHE 1
);


--
-- TOC entry 234 (class 1259 OID 24937)
-- Name: auth_user_user_permissions; Type: TABLE; Schema: public; Owner: postgres
--

CREATE TABLE public.auth_user_user_permissions (
    id bigint NOT NULL,
    user_id integer NOT NULL,
    permission_id integer NOT NULL
);


ALTER TABLE public.auth_user_user_permissions OWNER TO postgres;

--
-- TOC entry 233 (class 1259 OID 24936)
-- Name: auth_user_user_permissions_id_seq; Type: SEQUENCE; Schema: public; Owner: postgres
--

ALTER TABLE public.auth_user_user_permissions ALTER COLUMN id ADD GENERATED BY DEFAULT AS IDENTITY (
    SEQUENCE NAME public.auth_user_user_permissions_id_seq
    START WITH 1
    INCREMENT BY 1
    NO MINVALUE
    NO MAXVALUE
    CACHE 1
);


--
-- TOC entry 240 (class 1259 OID 25060)
-- Name: blog_izoh; Type: TABLE; Schema: public; Owner: postgres
--

CREATE TABLE public.blog_izoh (
    id bigint NOT NULL,
    matn text NOT NULL,
    yaratilgan_sana timestamp with time zone CONSTRAINT blog_izoh_yaratilgan_not_null NOT NULL,
    post_id bigint NOT NULL,
    muallif_id integer NOT NULL
);


ALTER TABLE public.blog_izoh OWNER TO postgres;

--
-- TOC entry 239 (class 1259 OID 25059)
-- Name: blog_izoh_id_seq; Type: SEQUENCE; Schema: public; Owner: postgres
--

ALTER TABLE public.blog_izoh ALTER COLUMN id ADD GENERATED BY DEFAULT AS IDENTITY (
    SEQUENCE NAME public.blog_izoh_id_seq
    START WITH 1
    INCREMENT BY 1
    NO MINVALUE
    NO MAXVALUE
    CACHE 1
);


--
-- TOC entry 242 (class 1259 OID 25099)
-- Name: blog_like; Type: TABLE; Schema: public; Owner: postgres
--

CREATE TABLE public.blog_like (
    id bigint NOT NULL,
    post_id bigint NOT NULL,
    user_id integer NOT NULL
);


ALTER TABLE public.blog_like OWNER TO postgres;

--
-- TOC entry 241 (class 1259 OID 25098)
-- Name: blog_like_id_seq; Type: SEQUENCE; Schema: public; Owner: postgres
--

ALTER TABLE public.blog_like ALTER COLUMN id ADD GENERATED BY DEFAULT AS IDENTITY (
    SEQUENCE NAME public.blog_like_id_seq
    START WITH 1
    INCREMENT BY 1
    NO MINVALUE
    NO MAXVALUE
    CACHE 1
);


--
-- TOC entry 238 (class 1259 OID 25039)
-- Name: blog_post; Type: TABLE; Schema: public; Owner: postgres
--

CREATE TABLE public.blog_post (
    id bigint NOT NULL,
    sarlavha character varying(200) NOT NULL,
    matn text NOT NULL,
    muallif_id integer CONSTRAINT blog_post_muallif_not_null NOT NULL,
    yaratilgan_sana timestamp with time zone NOT NULL,
    korildi integer NOT NULL,
    nashr_etilgan boolean NOT NULL,
    yangilangan_sana timestamp with time zone NOT NULL,
    kategoriya character varying(50) NOT NULL,
    rasm character varying(100)
);


ALTER TABLE public.blog_post OWNER TO postgres;

--
-- TOC entry 237 (class 1259 OID 25038)
-- Name: blog_post_id_seq; Type: SEQUENCE; Schema: public; Owner: postgres
--

ALTER TABLE public.blog_post ALTER COLUMN id ADD GENERATED BY DEFAULT AS IDENTITY (
    SEQUENCE NAME public.blog_post_id_seq
    START WITH 1
    INCREMENT BY 1
    NO MINVALUE
    NO MAXVALUE
    CACHE 1
);


--
-- TOC entry 244 (class 1259 OID 25123)
-- Name: blog_profil; Type: TABLE; Schema: public; Owner: postgres
--

CREATE TABLE public.blog_profil (
    id bigint NOT NULL,
    rasm character varying(100) NOT NULL,
    bio text NOT NULL,
    tugilgan_sana date,
    manzil character varying(200) NOT NULL,
    foydalanuvchi_id integer NOT NULL
);


ALTER TABLE public.blog_profil OWNER TO postgres;

--
-- TOC entry 243 (class 1259 OID 25122)
-- Name: blog_profil_id_seq; Type: SEQUENCE; Schema: public; Owner: postgres
--

ALTER TABLE public.blog_profil ALTER COLUMN id ADD GENERATED BY DEFAULT AS IDENTITY (
    SEQUENCE NAME public.blog_profil_id_seq
    START WITH 1
    INCREMENT BY 1
    NO MINVALUE
    NO MAXVALUE
    CACHE 1
);


--
-- TOC entry 236 (class 1259 OID 24998)
-- Name: django_admin_log; Type: TABLE; Schema: public; Owner: postgres
--

CREATE TABLE public.django_admin_log (
    id integer NOT NULL,
    action_time timestamp with time zone NOT NULL,
    object_id text,
    object_repr character varying(200) NOT NULL,
    action_flag smallint NOT NULL,
    change_message text NOT NULL,
    content_type_id integer,
    user_id integer NOT NULL,
    CONSTRAINT django_admin_log_action_flag_check CHECK ((action_flag >= 0))
);


ALTER TABLE public.django_admin_log OWNER TO postgres;

--
-- TOC entry 235 (class 1259 OID 24997)
-- Name: django_admin_log_id_seq; Type: SEQUENCE; Schema: public; Owner: postgres
--

ALTER TABLE public.django_admin_log ALTER COLUMN id ADD GENERATED BY DEFAULT AS IDENTITY (
    SEQUENCE NAME public.django_admin_log_id_seq
    START WITH 1
    INCREMENT BY 1
    NO MINVALUE
    NO MAXVALUE
    CACHE 1
);


--
-- TOC entry 222 (class 1259 OID 24868)
-- Name: django_content_type; Type: TABLE; Schema: public; Owner: postgres
--

CREATE TABLE public.django_content_type (
    id integer NOT NULL,
    app_label character varying(100) NOT NULL,
    model character varying(100) NOT NULL
);


ALTER TABLE public.django_content_type OWNER TO postgres;

--
-- TOC entry 221 (class 1259 OID 24867)
-- Name: django_content_type_id_seq; Type: SEQUENCE; Schema: public; Owner: postgres
--

ALTER TABLE public.django_content_type ALTER COLUMN id ADD GENERATED BY DEFAULT AS IDENTITY (
    SEQUENCE NAME public.django_content_type_id_seq
    START WITH 1
    INCREMENT BY 1
    NO MINVALUE
    NO MAXVALUE
    CACHE 1
);


--
-- TOC entry 220 (class 1259 OID 24856)
-- Name: django_migrations; Type: TABLE; Schema: public; Owner: postgres
--

CREATE TABLE public.django_migrations (
    id bigint NOT NULL,
    app character varying(255) NOT NULL,
    name character varying(255) NOT NULL,
    applied timestamp with time zone NOT NULL
);


ALTER TABLE public.django_migrations OWNER TO postgres;

--
-- TOC entry 219 (class 1259 OID 24855)
-- Name: django_migrations_id_seq; Type: SEQUENCE; Schema: public; Owner: postgres
--

ALTER TABLE public.django_migrations ALTER COLUMN id ADD GENERATED BY DEFAULT AS IDENTITY (
    SEQUENCE NAME public.django_migrations_id_seq
    START WITH 1
    INCREMENT BY 1
    NO MINVALUE
    NO MAXVALUE
    CACHE 1
);


--
-- TOC entry 245 (class 1259 OID 25142)
-- Name: django_session; Type: TABLE; Schema: public; Owner: postgres
--

CREATE TABLE public.django_session (
    session_key character varying(40) NOT NULL,
    session_data text NOT NULL,
    expire_date timestamp with time zone NOT NULL
);


ALTER TABLE public.django_session OWNER TO postgres;

--
-- TOC entry 5154 (class 0 OID 24890)
-- Dependencies: 226
-- Data for Name: auth_group; Type: TABLE DATA; Schema: public; Owner: postgres
--

COPY public.auth_group (id, name) FROM stdin;
\.


--
-- TOC entry 5156 (class 0 OID 24900)
-- Dependencies: 228
-- Data for Name: auth_group_permissions; Type: TABLE DATA; Schema: public; Owner: postgres
--

COPY public.auth_group_permissions (id, group_id, permission_id) FROM stdin;
\.


--
-- TOC entry 5152 (class 0 OID 24880)
-- Dependencies: 224
-- Data for Name: auth_permission; Type: TABLE DATA; Schema: public; Owner: postgres
--

COPY public.auth_permission (id, name, content_type_id, codename) FROM stdin;
1	Can add log entry	1	add_logentry
2	Can change log entry	1	change_logentry
3	Can delete log entry	1	delete_logentry
4	Can view log entry	1	view_logentry
5	Can add permission	3	add_permission
6	Can change permission	3	change_permission
7	Can delete permission	3	delete_permission
8	Can view permission	3	view_permission
9	Can add group	2	add_group
10	Can change group	2	change_group
11	Can delete group	2	delete_group
12	Can view group	2	view_group
13	Can add user	4	add_user
14	Can change user	4	change_user
15	Can delete user	4	delete_user
16	Can view user	4	view_user
17	Can add content type	5	add_contenttype
18	Can change content type	5	change_contenttype
19	Can delete content type	5	delete_contenttype
20	Can view content type	5	view_contenttype
21	Can add session	6	add_session
22	Can change session	6	change_session
23	Can delete session	6	delete_session
24	Can view session	6	view_session
25	Can add post	9	add_post
26	Can change post	9	change_post
27	Can delete post	9	delete_post
28	Can view post	9	view_post
29	Can add izoh	7	add_izoh
30	Can change izoh	7	change_izoh
31	Can delete izoh	7	delete_izoh
32	Can view izoh	7	view_izoh
33	Can add like	8	add_like
34	Can change like	8	change_like
35	Can delete like	8	delete_like
36	Can view like	8	view_like
37	Can add profil	10	add_profil
38	Can change profil	10	change_profil
39	Can delete profil	10	delete_profil
40	Can view profil	10	view_profil
\.


--
-- TOC entry 5158 (class 0 OID 24909)
-- Dependencies: 230
-- Data for Name: auth_user; Type: TABLE DATA; Schema: public; Owner: postgres
--

COPY public.auth_user (id, password, last_login, is_superuser, username, first_name, last_name, email, is_staff, is_active, date_joined) FROM stdin;
1	pbkdf2_sha256$1200000$SCENxR48JAoVMMAgwWapLz$iL6tWnA/7t+xjM75YhTlSUhn8vFmcLF7rYV7eH+BSN4=	\N	t	exe				t	t	2026-04-08 13:11:08.738215+03
\.


--
-- TOC entry 5160 (class 0 OID 24928)
-- Dependencies: 232
-- Data for Name: auth_user_groups; Type: TABLE DATA; Schema: public; Owner: postgres
--

COPY public.auth_user_groups (id, user_id, group_id) FROM stdin;
\.


--
-- TOC entry 5162 (class 0 OID 24937)
-- Dependencies: 234
-- Data for Name: auth_user_user_permissions; Type: TABLE DATA; Schema: public; Owner: postgres
--

COPY public.auth_user_user_permissions (id, user_id, permission_id) FROM stdin;
\.


--
-- TOC entry 5168 (class 0 OID 25060)
-- Dependencies: 240
-- Data for Name: blog_izoh; Type: TABLE DATA; Schema: public; Owner: postgres
--

COPY public.blog_izoh (id, matn, yaratilgan_sana, post_id, muallif_id) FROM stdin;
\.


--
-- TOC entry 5170 (class 0 OID 25099)
-- Dependencies: 242
-- Data for Name: blog_like; Type: TABLE DATA; Schema: public; Owner: postgres
--

COPY public.blog_like (id, post_id, user_id) FROM stdin;
\.


--
-- TOC entry 5166 (class 0 OID 25039)
-- Dependencies: 238
-- Data for Name: blog_post; Type: TABLE DATA; Schema: public; Owner: postgres
--

COPY public.blog_post (id, sarlavha, matn, muallif_id, yaratilgan_sana, korildi, nashr_etilgan, yangilangan_sana, kategoriya, rasm) FROM stdin;
\.


--
-- TOC entry 5172 (class 0 OID 25123)
-- Dependencies: 244
-- Data for Name: blog_profil; Type: TABLE DATA; Schema: public; Owner: postgres
--

COPY public.blog_profil (id, rasm, bio, tugilgan_sana, manzil, foydalanuvchi_id) FROM stdin;
1	profillar/default.jpg		\N		1
\.


--
-- TOC entry 5164 (class 0 OID 24998)
-- Dependencies: 236
-- Data for Name: django_admin_log; Type: TABLE DATA; Schema: public; Owner: postgres
--

COPY public.django_admin_log (id, action_time, object_id, object_repr, action_flag, change_message, content_type_id, user_id) FROM stdin;
\.


--
-- TOC entry 5150 (class 0 OID 24868)
-- Dependencies: 222
-- Data for Name: django_content_type; Type: TABLE DATA; Schema: public; Owner: postgres
--

COPY public.django_content_type (id, app_label, model) FROM stdin;
1	admin	logentry
2	auth	group
3	auth	permission
4	auth	user
5	contenttypes	contenttype
6	sessions	session
7	blog	izoh
8	blog	like
9	blog	post
10	blog	profil
\.


--
-- TOC entry 5148 (class 0 OID 24856)
-- Dependencies: 220
-- Data for Name: django_migrations; Type: TABLE DATA; Schema: public; Owner: postgres
--

COPY public.django_migrations (id, app, name, applied) FROM stdin;
1	contenttypes	0001_initial	2026-04-08 13:10:51.811442+03
2	auth	0001_initial	2026-04-08 13:10:51.882651+03
3	admin	0001_initial	2026-04-08 13:10:51.902518+03
4	admin	0002_logentry_remove_auto_add	2026-04-08 13:10:51.909297+03
5	admin	0003_logentry_add_action_flag_choices	2026-04-08 13:10:51.914092+03
6	contenttypes	0002_remove_content_type_name	2026-04-08 13:10:51.934299+03
7	auth	0002_alter_permission_name_max_length	2026-04-08 13:10:51.93894+03
8	auth	0003_alter_user_email_max_length	2026-04-08 13:10:51.949531+03
9	auth	0004_alter_user_username_opts	2026-04-08 13:10:51.952382+03
10	auth	0005_alter_user_last_login_null	2026-04-08 13:10:51.963537+03
11	auth	0006_require_contenttypes_0002	2026-04-08 13:10:51.963537+03
12	auth	0007_alter_validators_add_error_messages	2026-04-08 13:10:51.968576+03
13	auth	0008_alter_user_username_max_length	2026-04-08 13:10:51.980826+03
14	auth	0009_alter_user_last_name_max_length	2026-04-08 13:10:51.993044+03
15	auth	0010_alter_group_name_max_length	2026-04-08 13:10:52.004591+03
16	auth	0011_update_proxy_permissions	2026-04-08 13:10:52.00709+03
17	auth	0012_alter_user_first_name_max_length	2026-04-08 13:10:52.017741+03
18	blog	0001_initial	2026-04-08 13:10:52.023793+03
19	blog	0002_post_korildi_post_nashr_etilgan_and_more	2026-04-08 13:10:52.035207+03
20	blog	0003_post_kategoriya_izoh	2026-04-08 13:10:52.048923+03
21	blog	0004_post_rasm	2026-04-08 13:10:52.048923+03
22	blog	0005_alter_post_muallif	2026-04-08 13:10:52.067297+03
23	blog	0006_rename_yaratilgan_izoh_yaratilgan_sana_and_more	2026-04-08 13:10:52.125769+03
24	blog	0007_profil	2026-04-08 13:10:52.144001+03
25	sessions	0001_initial	2026-04-08 13:10:52.153549+03
\.


--
-- TOC entry 5173 (class 0 OID 25142)
-- Dependencies: 245
-- Data for Name: django_session; Type: TABLE DATA; Schema: public; Owner: postgres
--

COPY public.django_session (session_key, session_data, expire_date) FROM stdin;
\.


--
-- TOC entry 5179 (class 0 OID 0)
-- Dependencies: 225
-- Name: auth_group_id_seq; Type: SEQUENCE SET; Schema: public; Owner: postgres
--

SELECT pg_catalog.setval('public.auth_group_id_seq', 1, false);


--
-- TOC entry 5180 (class 0 OID 0)
-- Dependencies: 227
-- Name: auth_group_permissions_id_seq; Type: SEQUENCE SET; Schema: public; Owner: postgres
--

SELECT pg_catalog.setval('public.auth_group_permissions_id_seq', 1, false);


--
-- TOC entry 5181 (class 0 OID 0)
-- Dependencies: 223
-- Name: auth_permission_id_seq; Type: SEQUENCE SET; Schema: public; Owner: postgres
--

SELECT pg_catalog.setval('public.auth_permission_id_seq', 40, true);


--
-- TOC entry 5182 (class 0 OID 0)
-- Dependencies: 231
-- Name: auth_user_groups_id_seq; Type: SEQUENCE SET; Schema: public; Owner: postgres
--

SELECT pg_catalog.setval('public.auth_user_groups_id_seq', 1, false);


--
-- TOC entry 5183 (class 0 OID 0)
-- Dependencies: 229
-- Name: auth_user_id_seq; Type: SEQUENCE SET; Schema: public; Owner: postgres
--

SELECT pg_catalog.setval('public.auth_user_id_seq', 1, true);


--
-- TOC entry 5184 (class 0 OID 0)
-- Dependencies: 233
-- Name: auth_user_user_permissions_id_seq; Type: SEQUENCE SET; Schema: public; Owner: postgres
--

SELECT pg_catalog.setval('public.auth_user_user_permissions_id_seq', 1, false);


--
-- TOC entry 5185 (class 0 OID 0)
-- Dependencies: 239
-- Name: blog_izoh_id_seq; Type: SEQUENCE SET; Schema: public; Owner: postgres
--

SELECT pg_catalog.setval('public.blog_izoh_id_seq', 1, false);


--
-- TOC entry 5186 (class 0 OID 0)
-- Dependencies: 241
-- Name: blog_like_id_seq; Type: SEQUENCE SET; Schema: public; Owner: postgres
--

SELECT pg_catalog.setval('public.blog_like_id_seq', 1, false);


--
-- TOC entry 5187 (class 0 OID 0)
-- Dependencies: 237
-- Name: blog_post_id_seq; Type: SEQUENCE SET; Schema: public; Owner: postgres
--

SELECT pg_catalog.setval('public.blog_post_id_seq', 1, false);


--
-- TOC entry 5188 (class 0 OID 0)
-- Dependencies: 243
-- Name: blog_profil_id_seq; Type: SEQUENCE SET; Schema: public; Owner: postgres
--

SELECT pg_catalog.setval('public.blog_profil_id_seq', 1, true);


--
-- TOC entry 5189 (class 0 OID 0)
-- Dependencies: 235
-- Name: django_admin_log_id_seq; Type: SEQUENCE SET; Schema: public; Owner: postgres
--

SELECT pg_catalog.setval('public.django_admin_log_id_seq', 1, false);


--
-- TOC entry 5190 (class 0 OID 0)
-- Dependencies: 221
-- Name: django_content_type_id_seq; Type: SEQUENCE SET; Schema: public; Owner: postgres
--

SELECT pg_catalog.setval('public.django_content_type_id_seq', 10, true);


--
-- TOC entry 5191 (class 0 OID 0)
-- Dependencies: 219
-- Name: django_migrations_id_seq; Type: SEQUENCE SET; Schema: public; Owner: postgres
--

SELECT pg_catalog.setval('public.django_migrations_id_seq', 25, true);


--
-- TOC entry 4934 (class 2606 OID 25034)
-- Name: auth_group auth_group_name_key; Type: CONSTRAINT; Schema: public; Owner: postgres
--

ALTER TABLE ONLY public.auth_group
    ADD CONSTRAINT auth_group_name_key UNIQUE (name);


--
-- TOC entry 4939 (class 2606 OID 24955)
-- Name: auth_group_permissions auth_group_permissions_group_id_permission_id_0cd325b0_uniq; Type: CONSTRAINT; Schema: public; Owner: postgres
--

ALTER TABLE ONLY public.auth_group_permissions
    ADD CONSTRAINT auth_group_permissions_group_id_permission_id_0cd325b0_uniq UNIQUE (group_id, permission_id);


--
-- TOC entry 4942 (class 2606 OID 24907)
-- Name: auth_group_permissions auth_group_permissions_pkey; Type: CONSTRAINT; Schema: public; Owner: postgres
--

ALTER TABLE ONLY public.auth_group_permissions
    ADD CONSTRAINT auth_group_permissions_pkey PRIMARY KEY (id);


--
-- TOC entry 4936 (class 2606 OID 24896)
-- Name: auth_group auth_group_pkey; Type: CONSTRAINT; Schema: public; Owner: postgres
--

ALTER TABLE ONLY public.auth_group
    ADD CONSTRAINT auth_group_pkey PRIMARY KEY (id);


--
-- TOC entry 4929 (class 2606 OID 24946)
-- Name: auth_permission auth_permission_content_type_id_codename_01ab375a_uniq; Type: CONSTRAINT; Schema: public; Owner: postgres
--

ALTER TABLE ONLY public.auth_permission
    ADD CONSTRAINT auth_permission_content_type_id_codename_01ab375a_uniq UNIQUE (content_type_id, codename);


--
-- TOC entry 4931 (class 2606 OID 24888)
-- Name: auth_permission auth_permission_pkey; Type: CONSTRAINT; Schema: public; Owner: postgres
--

ALTER TABLE ONLY public.auth_permission
    ADD CONSTRAINT auth_permission_pkey PRIMARY KEY (id);


--
-- TOC entry 4950 (class 2606 OID 24935)
-- Name: auth_user_groups auth_user_groups_pkey; Type: CONSTRAINT; Schema: public; Owner: postgres
--

ALTER TABLE ONLY public.auth_user_groups
    ADD CONSTRAINT auth_user_groups_pkey PRIMARY KEY (id);


--
-- TOC entry 4953 (class 2606 OID 24970)
-- Name: auth_user_groups auth_user_groups_user_id_group_id_94350c0c_uniq; Type: CONSTRAINT; Schema: public; Owner: postgres
--

ALTER TABLE ONLY public.auth_user_groups
    ADD CONSTRAINT auth_user_groups_user_id_group_id_94350c0c_uniq UNIQUE (user_id, group_id);


--
-- TOC entry 4944 (class 2606 OID 24924)
-- Name: auth_user auth_user_pkey; Type: CONSTRAINT; Schema: public; Owner: postgres
--

ALTER TABLE ONLY public.auth_user
    ADD CONSTRAINT auth_user_pkey PRIMARY KEY (id);


--
-- TOC entry 4956 (class 2606 OID 24944)
-- Name: auth_user_user_permissions auth_user_user_permissions_pkey; Type: CONSTRAINT; Schema: public; Owner: postgres
--

ALTER TABLE ONLY public.auth_user_user_permissions
    ADD CONSTRAINT auth_user_user_permissions_pkey PRIMARY KEY (id);


--
-- TOC entry 4959 (class 2606 OID 24984)
-- Name: auth_user_user_permissions auth_user_user_permissions_user_id_permission_id_14a6b632_uniq; Type: CONSTRAINT; Schema: public; Owner: postgres
--

ALTER TABLE ONLY public.auth_user_user_permissions
    ADD CONSTRAINT auth_user_user_permissions_user_id_permission_id_14a6b632_uniq UNIQUE (user_id, permission_id);


--
-- TOC entry 4947 (class 2606 OID 25027)
-- Name: auth_user auth_user_username_key; Type: CONSTRAINT; Schema: public; Owner: postgres
--

ALTER TABLE ONLY public.auth_user
    ADD CONSTRAINT auth_user_username_key UNIQUE (username);


--
-- TOC entry 4969 (class 2606 OID 25071)
-- Name: blog_izoh blog_izoh_pkey; Type: CONSTRAINT; Schema: public; Owner: postgres
--

ALTER TABLE ONLY public.blog_izoh
    ADD CONSTRAINT blog_izoh_pkey PRIMARY KEY (id);


--
-- TOC entry 4972 (class 2606 OID 25106)
-- Name: blog_like blog_like_pkey; Type: CONSTRAINT; Schema: public; Owner: postgres
--

ALTER TABLE ONLY public.blog_like
    ADD CONSTRAINT blog_like_pkey PRIMARY KEY (id);


--
-- TOC entry 4975 (class 2606 OID 25109)
-- Name: blog_like blog_like_post_id_user_id_82fa9e5e_uniq; Type: CONSTRAINT; Schema: public; Owner: postgres
--

ALTER TABLE ONLY public.blog_like
    ADD CONSTRAINT blog_like_post_id_user_id_82fa9e5e_uniq UNIQUE (post_id, user_id);


--
-- TOC entry 4966 (class 2606 OID 25050)
-- Name: blog_post blog_post_pkey; Type: CONSTRAINT; Schema: public; Owner: postgres
--

ALTER TABLE ONLY public.blog_post
    ADD CONSTRAINT blog_post_pkey PRIMARY KEY (id);


--
-- TOC entry 4978 (class 2606 OID 25136)
-- Name: blog_profil blog_profil_foydalanuvchi_id_key; Type: CONSTRAINT; Schema: public; Owner: postgres
--

ALTER TABLE ONLY public.blog_profil
    ADD CONSTRAINT blog_profil_foydalanuvchi_id_key UNIQUE (foydalanuvchi_id);


--
-- TOC entry 4980 (class 2606 OID 25134)
-- Name: blog_profil blog_profil_pkey; Type: CONSTRAINT; Schema: public; Owner: postgres
--

ALTER TABLE ONLY public.blog_profil
    ADD CONSTRAINT blog_profil_pkey PRIMARY KEY (id);


--
-- TOC entry 4962 (class 2606 OID 25011)
-- Name: django_admin_log django_admin_log_pkey; Type: CONSTRAINT; Schema: public; Owner: postgres
--

ALTER TABLE ONLY public.django_admin_log
    ADD CONSTRAINT django_admin_log_pkey PRIMARY KEY (id);


--
-- TOC entry 4924 (class 2606 OID 24878)
-- Name: django_content_type django_content_type_app_label_model_76bd3d3b_uniq; Type: CONSTRAINT; Schema: public; Owner: postgres
--

ALTER TABLE ONLY public.django_content_type
    ADD CONSTRAINT django_content_type_app_label_model_76bd3d3b_uniq UNIQUE (app_label, model);


--
-- TOC entry 4926 (class 2606 OID 24876)
-- Name: django_content_type django_content_type_pkey; Type: CONSTRAINT; Schema: public; Owner: postgres
--

ALTER TABLE ONLY public.django_content_type
    ADD CONSTRAINT django_content_type_pkey PRIMARY KEY (id);


--
-- TOC entry 4922 (class 2606 OID 24866)
-- Name: django_migrations django_migrations_pkey; Type: CONSTRAINT; Schema: public; Owner: postgres
--

ALTER TABLE ONLY public.django_migrations
    ADD CONSTRAINT django_migrations_pkey PRIMARY KEY (id);


--
-- TOC entry 4983 (class 2606 OID 25151)
-- Name: django_session django_session_pkey; Type: CONSTRAINT; Schema: public; Owner: postgres
--

ALTER TABLE ONLY public.django_session
    ADD CONSTRAINT django_session_pkey PRIMARY KEY (session_key);


--
-- TOC entry 4932 (class 1259 OID 25035)
-- Name: auth_group_name_a6ea08ec_like; Type: INDEX; Schema: public; Owner: postgres
--

CREATE INDEX auth_group_name_a6ea08ec_like ON public.auth_group USING btree (name varchar_pattern_ops);


--
-- TOC entry 4937 (class 1259 OID 24966)
-- Name: auth_group_permissions_group_id_b120cbf9; Type: INDEX; Schema: public; Owner: postgres
--

CREATE INDEX auth_group_permissions_group_id_b120cbf9 ON public.auth_group_permissions USING btree (group_id);


--
-- TOC entry 4940 (class 1259 OID 24967)
-- Name: auth_group_permissions_permission_id_84c5c92e; Type: INDEX; Schema: public; Owner: postgres
--

CREATE INDEX auth_group_permissions_permission_id_84c5c92e ON public.auth_group_permissions USING btree (permission_id);


--
-- TOC entry 4927 (class 1259 OID 24952)
-- Name: auth_permission_content_type_id_2f476e4b; Type: INDEX; Schema: public; Owner: postgres
--

CREATE INDEX auth_permission_content_type_id_2f476e4b ON public.auth_permission USING btree (content_type_id);


--
-- TOC entry 4948 (class 1259 OID 24982)
-- Name: auth_user_groups_group_id_97559544; Type: INDEX; Schema: public; Owner: postgres
--

CREATE INDEX auth_user_groups_group_id_97559544 ON public.auth_user_groups USING btree (group_id);


--
-- TOC entry 4951 (class 1259 OID 24981)
-- Name: auth_user_groups_user_id_6a12ed8b; Type: INDEX; Schema: public; Owner: postgres
--

CREATE INDEX auth_user_groups_user_id_6a12ed8b ON public.auth_user_groups USING btree (user_id);


--
-- TOC entry 4954 (class 1259 OID 24996)
-- Name: auth_user_user_permissions_permission_id_1fbb5f2c; Type: INDEX; Schema: public; Owner: postgres
--

CREATE INDEX auth_user_user_permissions_permission_id_1fbb5f2c ON public.auth_user_user_permissions USING btree (permission_id);


--
-- TOC entry 4957 (class 1259 OID 24995)
-- Name: auth_user_user_permissions_user_id_a95ead1b; Type: INDEX; Schema: public; Owner: postgres
--

CREATE INDEX auth_user_user_permissions_user_id_a95ead1b ON public.auth_user_user_permissions USING btree (user_id);


--
-- TOC entry 4945 (class 1259 OID 25028)
-- Name: auth_user_username_6821ab7c_like; Type: INDEX; Schema: public; Owner: postgres
--

CREATE INDEX auth_user_username_6821ab7c_like ON public.auth_user USING btree (username varchar_pattern_ops);


--
-- TOC entry 4967 (class 1259 OID 25107)
-- Name: blog_izoh_muallif_id_e16ac395; Type: INDEX; Schema: public; Owner: postgres
--

CREATE INDEX blog_izoh_muallif_id_e16ac395 ON public.blog_izoh USING btree (muallif_id);


--
-- TOC entry 4970 (class 1259 OID 25077)
-- Name: blog_izoh_post_id_1dd9ec33; Type: INDEX; Schema: public; Owner: postgres
--

CREATE INDEX blog_izoh_post_id_1dd9ec33 ON public.blog_izoh USING btree (post_id);


--
-- TOC entry 4973 (class 1259 OID 25120)
-- Name: blog_like_post_id_9038fd1f; Type: INDEX; Schema: public; Owner: postgres
--

CREATE INDEX blog_like_post_id_9038fd1f ON public.blog_like USING btree (post_id);


--
-- TOC entry 4976 (class 1259 OID 25121)
-- Name: blog_like_user_id_06356ade; Type: INDEX; Schema: public; Owner: postgres
--

CREATE INDEX blog_like_user_id_06356ade ON public.blog_like USING btree (user_id);


--
-- TOC entry 4964 (class 1259 OID 25085)
-- Name: blog_post_muallif_id_103a9173; Type: INDEX; Schema: public; Owner: postgres
--

CREATE INDEX blog_post_muallif_id_103a9173 ON public.blog_post USING btree (muallif_id);


--
-- TOC entry 4960 (class 1259 OID 25022)
-- Name: django_admin_log_content_type_id_c4bce8eb; Type: INDEX; Schema: public; Owner: postgres
--

CREATE INDEX django_admin_log_content_type_id_c4bce8eb ON public.django_admin_log USING btree (content_type_id);


--
-- TOC entry 4963 (class 1259 OID 25023)
-- Name: django_admin_log_user_id_c564eba6; Type: INDEX; Schema: public; Owner: postgres
--

CREATE INDEX django_admin_log_user_id_c564eba6 ON public.django_admin_log USING btree (user_id);


--
-- TOC entry 4981 (class 1259 OID 25153)
-- Name: django_session_expire_date_a5c62663; Type: INDEX; Schema: public; Owner: postgres
--

CREATE INDEX django_session_expire_date_a5c62663 ON public.django_session USING btree (expire_date);


--
-- TOC entry 4984 (class 1259 OID 25152)
-- Name: django_session_session_key_c0390e0f_like; Type: INDEX; Schema: public; Owner: postgres
--

CREATE INDEX django_session_session_key_c0390e0f_like ON public.django_session USING btree (session_key varchar_pattern_ops);


--
-- TOC entry 4986 (class 2606 OID 24961)
-- Name: auth_group_permissions auth_group_permissio_permission_id_84c5c92e_fk_auth_perm; Type: FK CONSTRAINT; Schema: public; Owner: postgres
--

ALTER TABLE ONLY public.auth_group_permissions
    ADD CONSTRAINT auth_group_permissio_permission_id_84c5c92e_fk_auth_perm FOREIGN KEY (permission_id) REFERENCES public.auth_permission(id) DEFERRABLE INITIALLY DEFERRED;


--
-- TOC entry 4987 (class 2606 OID 24956)
-- Name: auth_group_permissions auth_group_permissions_group_id_b120cbf9_fk_auth_group_id; Type: FK CONSTRAINT; Schema: public; Owner: postgres
--

ALTER TABLE ONLY public.auth_group_permissions
    ADD CONSTRAINT auth_group_permissions_group_id_b120cbf9_fk_auth_group_id FOREIGN KEY (group_id) REFERENCES public.auth_group(id) DEFERRABLE INITIALLY DEFERRED;


--
-- TOC entry 4985 (class 2606 OID 24947)
-- Name: auth_permission auth_permission_content_type_id_2f476e4b_fk_django_co; Type: FK CONSTRAINT; Schema: public; Owner: postgres
--

ALTER TABLE ONLY public.auth_permission
    ADD CONSTRAINT auth_permission_content_type_id_2f476e4b_fk_django_co FOREIGN KEY (content_type_id) REFERENCES public.django_content_type(id) DEFERRABLE INITIALLY DEFERRED;


--
-- TOC entry 4988 (class 2606 OID 24976)
-- Name: auth_user_groups auth_user_groups_group_id_97559544_fk_auth_group_id; Type: FK CONSTRAINT; Schema: public; Owner: postgres
--

ALTER TABLE ONLY public.auth_user_groups
    ADD CONSTRAINT auth_user_groups_group_id_97559544_fk_auth_group_id FOREIGN KEY (group_id) REFERENCES public.auth_group(id) DEFERRABLE INITIALLY DEFERRED;


--
-- TOC entry 4989 (class 2606 OID 24971)
-- Name: auth_user_groups auth_user_groups_user_id_6a12ed8b_fk_auth_user_id; Type: FK CONSTRAINT; Schema: public; Owner: postgres
--

ALTER TABLE ONLY public.auth_user_groups
    ADD CONSTRAINT auth_user_groups_user_id_6a12ed8b_fk_auth_user_id FOREIGN KEY (user_id) REFERENCES public.auth_user(id) DEFERRABLE INITIALLY DEFERRED;


--
-- TOC entry 4990 (class 2606 OID 24990)
-- Name: auth_user_user_permissions auth_user_user_permi_permission_id_1fbb5f2c_fk_auth_perm; Type: FK CONSTRAINT; Schema: public; Owner: postgres
--

ALTER TABLE ONLY public.auth_user_user_permissions
    ADD CONSTRAINT auth_user_user_permi_permission_id_1fbb5f2c_fk_auth_perm FOREIGN KEY (permission_id) REFERENCES public.auth_permission(id) DEFERRABLE INITIALLY DEFERRED;


--
-- TOC entry 4991 (class 2606 OID 24985)
-- Name: auth_user_user_permissions auth_user_user_permissions_user_id_a95ead1b_fk_auth_user_id; Type: FK CONSTRAINT; Schema: public; Owner: postgres
--

ALTER TABLE ONLY public.auth_user_user_permissions
    ADD CONSTRAINT auth_user_user_permissions_user_id_a95ead1b_fk_auth_user_id FOREIGN KEY (user_id) REFERENCES public.auth_user(id) DEFERRABLE INITIALLY DEFERRED;


--
-- TOC entry 4995 (class 2606 OID 25093)
-- Name: blog_izoh blog_izoh_muallif_id_e16ac395_fk_auth_user_id; Type: FK CONSTRAINT; Schema: public; Owner: postgres
--

ALTER TABLE ONLY public.blog_izoh
    ADD CONSTRAINT blog_izoh_muallif_id_e16ac395_fk_auth_user_id FOREIGN KEY (muallif_id) REFERENCES public.auth_user(id) DEFERRABLE INITIALLY DEFERRED;


--
-- TOC entry 4996 (class 2606 OID 25072)
-- Name: blog_izoh blog_izoh_post_id_1dd9ec33_fk_blog_post_id; Type: FK CONSTRAINT; Schema: public; Owner: postgres
--

ALTER TABLE ONLY public.blog_izoh
    ADD CONSTRAINT blog_izoh_post_id_1dd9ec33_fk_blog_post_id FOREIGN KEY (post_id) REFERENCES public.blog_post(id) DEFERRABLE INITIALLY DEFERRED;


--
-- TOC entry 4997 (class 2606 OID 25110)
-- Name: blog_like blog_like_post_id_9038fd1f_fk_blog_post_id; Type: FK CONSTRAINT; Schema: public; Owner: postgres
--

ALTER TABLE ONLY public.blog_like
    ADD CONSTRAINT blog_like_post_id_9038fd1f_fk_blog_post_id FOREIGN KEY (post_id) REFERENCES public.blog_post(id) DEFERRABLE INITIALLY DEFERRED;


--
-- TOC entry 4998 (class 2606 OID 25115)
-- Name: blog_like blog_like_user_id_06356ade_fk_auth_user_id; Type: FK CONSTRAINT; Schema: public; Owner: postgres
--

ALTER TABLE ONLY public.blog_like
    ADD CONSTRAINT blog_like_user_id_06356ade_fk_auth_user_id FOREIGN KEY (user_id) REFERENCES public.auth_user(id) DEFERRABLE INITIALLY DEFERRED;


--
-- TOC entry 4994 (class 2606 OID 25086)
-- Name: blog_post blog_post_muallif_id_103a9173_fk_auth_user_id; Type: FK CONSTRAINT; Schema: public; Owner: postgres
--

ALTER TABLE ONLY public.blog_post
    ADD CONSTRAINT blog_post_muallif_id_103a9173_fk_auth_user_id FOREIGN KEY (muallif_id) REFERENCES public.auth_user(id) DEFERRABLE INITIALLY DEFERRED;


--
-- TOC entry 4999 (class 2606 OID 25137)
-- Name: blog_profil blog_profil_foydalanuvchi_id_7f6e53d9_fk_auth_user_id; Type: FK CONSTRAINT; Schema: public; Owner: postgres
--

ALTER TABLE ONLY public.blog_profil
    ADD CONSTRAINT blog_profil_foydalanuvchi_id_7f6e53d9_fk_auth_user_id FOREIGN KEY (foydalanuvchi_id) REFERENCES public.auth_user(id) DEFERRABLE INITIALLY DEFERRED;


--
-- TOC entry 4992 (class 2606 OID 25012)
-- Name: django_admin_log django_admin_log_content_type_id_c4bce8eb_fk_django_co; Type: FK CONSTRAINT; Schema: public; Owner: postgres
--

ALTER TABLE ONLY public.django_admin_log
    ADD CONSTRAINT django_admin_log_content_type_id_c4bce8eb_fk_django_co FOREIGN KEY (content_type_id) REFERENCES public.django_content_type(id) DEFERRABLE INITIALLY DEFERRED;


--
-- TOC entry 4993 (class 2606 OID 25017)
-- Name: django_admin_log django_admin_log_user_id_c564eba6_fk_auth_user_id; Type: FK CONSTRAINT; Schema: public; Owner: postgres
--

ALTER TABLE ONLY public.django_admin_log
    ADD CONSTRAINT django_admin_log_user_id_c564eba6_fk_auth_user_id FOREIGN KEY (user_id) REFERENCES public.auth_user(id) DEFERRABLE INITIALLY DEFERRED;


-- Completed on 2026-04-08 19:04:39

--
-- PostgreSQL database dump complete
--

\unrestrict FHQsDLkbsheHCEVbtSaI1z4PK4R9UvkX9h4imbgMaw4fKb778j4HHk7jKeBOxrx

